ico,nazov,typ
00315940,obec,matričný úrad
00305855,obec,matričný úrad
00307726,obec,matričný úrad
00308749,obec,matričný úrad
00307742,obec,matričný úrad
00313254,obec,matričný úrad
00304654,obec,matričný úrad
00305260,obec,matričný úrad
00305278,obec,matričný úrad
00308765,obec,matričný úrad
00310182,obec,matričný úrad
00320498,obec,matričný úrad
00313271,obec,matričný úrad
00320501,obec,matričný úrad
00321842,obec,matričný úrad
00308773,obec,matričný úrad
00318604,obec,matričný úrad
00306711,obec,matričný úrad
00306771,obec,matričný úrad
00311413,obec,matričný úrad
00321168,obec,matričný úrad
00308781,obec,matričný úrad
00322814,obec,matričný úrad
00316563,obec,matričný úrad
00317063,obec,matričný úrad
00313289,obec,matričný úrad
00304662,obec,matričný úrad
00306789,obec,matričný úrad
00308790,obec,matričný úrad
00325031,obec,matričný úrad
00323977,obec,matričný úrad
00308803,obec,matričný úrad
00312258,obec,matričný úrad
00305308,obec,matričný úrad
00304671,obec,matričný úrad
00316571,obec,matričný úrad
00314404,obec,matričný úrad
00315117,obec,matričný úrad
00306371,obec,matričný úrad
00323985,obec,matričný úrad
00312266,obec,matričný úrad
00310239,obec,matričný úrad
00318001,obec,matričný úrad
00331333,obec,matričný úrad
00312282,obec,matričný úrad
00317080,obec,matričný úrad
00312291,obec,matričný úrad
00309419,obec,matričný úrad
00309401,obec,matričný úrad
00331341,Borša,matričný úrad
00311430,Borša,matričný úrad
00310255,Borša,matričný úrad
00325074,Borša,matričný úrad
00307777,Borša,matričný úrad
00308811,Borša,matričný úrad
00603147,Borša,matričný úrad
00641383,Borša,matričný úrad
00603155,Borša,matričný úrad
00603295,Borša,matričný úrad
00603317,Borša,matričný úrad
00304557,Borša,matričný úrad
00304565,Borša,matričný úrad
00603392,Borša,matričný úrad
00603520,Borša,matričný úrad
00604887,Borša,matričný úrad
00641243,Borša,matričný úrad
00304603,Borša,matričný úrad
00603201,Borša,matričný úrad
00304611,Borša,matričný úrad
00312312,Borša,matričný úrad
00314412,Borša,matričný úrad
00313319,Borša,matričný úrad
00309443,Borša,matričný úrad
00326861,Borša,matričný úrad
00309451,Borša,matričný úrad
00330345,Borša,matričný úrad
00313491,Borša,matričný úrad
00308820,Borša,matričný úrad
00317101,Borša,matričný úrad
00306398,Borša,matričný úrad
00319759,Borša,matričný úrad
00325082,Borša,matričný úrad
00304697,Borša,matričný úrad
00330353,Borša,matričný úrad
00319236,Borša,matričný úrad
00324035,Borša,matričný úrad
00315982,Borša,matričný úrad
00332275,Borša,matričný úrad
00318019,Borša,matričný úrad
00316601,Borša,matričný úrad
00321192,Borša,matričný úrad
00326895,Borša,matričný úrad
00311456,Borša,matričný úrad
00319767,Borša,matričný úrad
00307785,Borša,matričný úrad
00331406,Borša,matričný úrad
00330388,Borša,matričný úrad
00309478,Borša,matričný úrad
00319775,Borša,matričný úrad
00312347,Cífer,matričný úrad
00316008,Cífer,matričný úrad
00319783,Cífer,matričný úrad
00313971,Cífer,matričný úrad
00311464,Cífer,matričný úrad
00306843,Cífer,matričný úrad
00306401,Cífer,matričný úrad
00324060,Cífer,matričný úrad
00304701,Cífer,matričný úrad
00587672,Cífer,matričný úrad
00304719,Cífer,matričný úrad
00318035,Cífer,matričný úrad
00319244,Cífer,matričný úrad
00324078,Cífer,matričný úrad
00319261,Cífer,matričný úrad
00318043,Cífer,matričný úrad
00331422,Cífer,matričný úrad
00313335,Cífer,matričný úrad
00308846,Cífer,matričný úrad
00312355,Cífer,matričný úrad
00317128,Cífer,matričný úrad
00321206,Cífer,matričný úrad
00306410,Cífer,matričný úrad
00331465,Cífer,matričný úrad
00313980,Cífer,matričný úrad
00307858,Cífer,matričný úrad
00313343,Cífer,matričný úrad
00305880,Cífer,matričný úrad
00305341,Cífer,matričný úrad
00318655,Cífer,matričný úrad
00319279,Cífer,matričný úrad
00316644,Cífer,matričný úrad
00308854,Cífer,matričný úrad
00312363,Cífer,matričný úrad
00306878,Cífer,matričný úrad
00319805,Cífer,matričný úrad
00319813,Cífer,matričný úrad
00305898,Cífer,matričný úrad
00318060,Cífer,matričný úrad
00316041,Cífer,matričný úrad
00321214,Cífer,matričný úrad
00314447,Cífer,matričný úrad
00321231,Cífer,matričný úrad
00319830,Cífer,matričný úrad
00312380,Cífer,matričný úrad
00316059,Cífer,matričný úrad
00328197,Cífer,matričný úrad
00317136,Cífer,matričný úrad
00309508,Cífer,matričný úrad
00304727,Cífer,matričný úrad
00312398,Dolná Krupá,matričný úrad
00317152,Dolná Krupá,matričný úrad
00306894,Dolná Krupá,matričný úrad
00319295,Dolná Krupá,matričný úrad
00311502,Dolná Krupá,matričný úrad
00321249,Dolná Krupá,matričný úrad
00312401,Dolná Krupá,matričný úrad
37869051,Dolná Krupá,matričný úrad
00686301,Dolná Krupá,matričný úrad
00312410,Dolná Krupá,matričný úrad
00319309,Dolná Krupá,matričný úrad
00305910,Dolná Krupá,matričný úrad
00311511,Dolná Krupá,matričný úrad
00319317,Dolná Krupá,matričný úrad
00318086,Dolná Krupá,matričný úrad
00305367,Dolná Krupá,matričný úrad
00321257,Dolná Krupá,matričný úrad
00314463,Dolná Krupá,matričný úrad
00317179,Dolná Krupá,matričný úrad
00312452,Dolná Krupá,matričný úrad
00308871,Dolná Krupá,matričný úrad
00306916,Dolná Krupá,matričný úrad
00305430,Dolná Krupá,matričný úrad
00317195,Dolná Krupá,matričný úrad
00312461,Dolná Krupá,matričný úrad
00326984,Dolná Krupá,matričný úrad
00311529,Dolná Krupá,matričný úrad
00324116,Dolná Krupá,matričný úrad
00317209,Dolná Krupá,matričný úrad
00308889,Dolná Krupá,matričný úrad
00311537,Dolná Krupá,matričný úrad
00309516,Dolná Krupá,matričný úrad
00316636,Dolná Krupá,matričný úrad
00319899,Dolná Krupá,matričný úrad
00319902,Dolná Krupá,matričný úrad
00306444,Dolná Krupá,matričný úrad
00400009,Dolná Krupá,matričný úrad
00305383,Dolná Krupá,matričný úrad
00312495,Dolná Krupá,matričný úrad
00308897,Dolná Krupá,matričný úrad
00321265,Dolná Krupá,matričný úrad
00306941,Dolná Krupá,matričný úrad
00318671,Dolná Krupá,matričný úrad
00316075,Dolná Krupá,matričný úrad
00327026,Dolná Krupá,matričný úrad
00305391,Dolná Krupá,matričný úrad
00321966,Dolná Krupá,matričný úrad
00304743,Dolná Krupá,matričný úrad
00305936,Dolná Krupá,matričný úrad
00308901,Dolná Krupá,matričný úrad
00309524,Gbely,matričný úrad
00329061,Gbely,matričný úrad
00318701,Gbely,matričný úrad
00318710,Gbely,matričný úrad
00321982,Gbely,matričný úrad
00307939,Gbely,matričný úrad
00314471,Gbely,matričný úrad
00322954,Gbely,matričný úrad
00318736,Gbely,matričný úrad
00307947,Gbely,matričný úrad
00316091,Gbely,matričný úrad
00318094,Gbely,matričný úrad
00324175,Gbely,matričný úrad
00332399,Gbely,matričný úrad
00330469,Gbely,matričný úrad
00313424,Gbely,matričný úrad
00322024,Gbely,matričný úrad
00309532,Gbely,matričný úrad
00320609,Gbely,matričný úrad
00312509,Gbely,matričný úrad
00329886,Gbely,matričný úrad
00318744,Gbely,matričný úrad
00318752,Gbely,matričný úrad
00320617,Gbely,matričný úrad
00306967,Gbely,matričný úrad
00332429,Gbely,matričný úrad
00305405,Gbely,matričný úrad
00309541,Gbely,matričný úrad
00316105,Gbely,matričný úrad
00306975,Gbely,matričný úrad
00319911,Gbely,matričný úrad
00319929,Gbely,matričný úrad
00319937,Gbely,matričný úrad
00317276,Gbely,matričný úrad
00317284,Gbely,matričný úrad
00311553,Gbely,matričný úrad
00311561,Gbely,matričný úrad
00316695,Gbely,matričný úrad
00318108,Gbely,matričný úrad
00320633,Gbely,matričný úrad
00310441,Gbely,matričný úrad
00312533,Gbely,matričný úrad
00312541,Gbely,matričný úrad
00305952,Gbely,matričný úrad
00306991,Gbely,matričný úrad
00311588,Gbely,matričný úrad
00312568,Gbely,matričný úrad
00305421,Gbely,matričný úrad
00319953,Gbely,matričný úrad
00314030,Gbely,matričný úrad
00318761,Hostice,matričný úrad
00308005,Hostice,matričný úrad
00326194,Hostice,matričný úrad
00321303,Hostice,matričný úrad
00320650,Hostice,matričný úrad
00329151,Hostice,matričný úrad
00311618,Hostice,matričný úrad
00318779,Hostice,matričný úrad
00326224,Hostice,matričný úrad
00319961,Hostice,matričný úrad
00318787,Hostice,matričný úrad
00313483,Hostice,matričný úrad
00307041,Hostice,matričný úrad
00320676,Hostice,matričný úrad
00308013,Hostice,matričný úrad
00305987,Hostice,matričný úrad
00319341,Hostice,matričný úrad
00314501,Hostice,matričný úrad
00315214,Hostice,matričný úrad
00328316,Hostice,matričný úrad
00308919,Hostice,matričný úrad
00323021,Hostice,matričný úrad
00306452,Hostice,matričný úrad
00315222,Hostice,matričný úrad
00315231,Hostice,matričný úrad
00314510,Hostice,matričný úrad
00327115,Hostice,matričný úrad
00327140,Hostice,matričný úrad
00304760,Hostice,matričný úrad
00306461,Hostice,matričný úrad
00318124,Hostice,matričný úrad
00312584,Hostice,matričný úrad
00310506,Hostice,matričný úrad
00306479,Hostice,matričný úrad
00307092,Hostice,matričný úrad
00304786,Hostice,matričný úrad
31827004,Hostice,matričný úrad
00306487,Hostice,matričný úrad
00309583,Hostice,matričný úrad
00328332,Hostice,matričný úrad
00304808,Hostice,matričný úrad
00305472,Hostice,matričný úrad
00329207,Hostice,matričný úrad
00304816,Hostice,matričný úrad
00320706,Hostice,matričný úrad
00329932,Hostice,matričný úrad
00308056,Hostice,matričný úrad
00327212,Hostice,matričný úrad
00317349,Hostice,matričný úrad
00312614,Jaslovské Bohunice,matričný úrad
00324264,Jaslovské Bohunice,matričný úrad
00308935,Jaslovské Bohunice,matričný úrad
00308943,Jaslovské Bohunice,matričný úrad
00316725,Jaslovské Bohunice,matričný úrad
00308072,Jaslovské Bohunice,matričný úrad
00306011,Jaslovské Bohunice,matričný úrad
00328341,Jaslovské Bohunice,matričný úrad
00318833,Jaslovské Bohunice,matričný úrad
00325279,Jaslovské Bohunice,matričný úrad
00307114,Jaslovské Bohunice,matričný úrad
00306029,Jaslovské Bohunice,matričný úrad
00316121,Jaslovské Bohunice,matričný úrad
00307131,Jaslovské Bohunice,matričný úrad
00311669,Jaslovské Bohunice,matričný úrad
00323101,Jaslovské Bohunice,matričný úrad
00308951,Jaslovské Bohunice,matričný úrad
00306495,Jaslovské Bohunice,matričný úrad
00308960,Jaslovské Bohunice,matričný úrad
00319368,Jaslovské Bohunice,matričný úrad
00047244,Jaslovské Bohunice,matričný úrad
00518239,Jaslovské Bohunice,matričný úrad
00327239,Jaslovské Bohunice,matričný úrad
00324299,Jaslovské Bohunice,matričný úrad
00307190,Jaslovské Bohunice,matričný úrad
00326283,Jaslovské Bohunice,matričný úrad
00308102,Jaslovské Bohunice,matričný úrad
00316733,Jaslovské Bohunice,matričný úrad
00310549,Jaslovské Bohunice,matričný úrad
00323136,Jaslovské Bohunice,matričný úrad
00318850,Jaslovské Bohunice,matričný úrad
00306509,Jaslovské Bohunice,matričný úrad
00319996,Jaslovské Bohunice,matričný úrad
00314048,Jaslovské Bohunice,matričný úrad
00329274,Jaslovské Bohunice,matričný úrad
00309028,Jaslovské Bohunice,matričný úrad
00311685,Jaslovské Bohunice,matričný úrad
00316130,Jaslovské Bohunice,matričný úrad
00321362,Jaslovské Bohunice,matričný úrad
00306517,Jaslovské Bohunice,matričný úrad
00308986,Jaslovské Bohunice,matričný úrad
00306525,Jaslovské Bohunice,matričný úrad
00308994,Jaslovské Bohunice,matričný úrad
00315311,Jaslovské Bohunice,matričný úrad
00309001,Jaslovské Bohunice,matričný úrad
00309613,Jaslovské Bohunice,matričný úrad
00314064,Jaslovské Bohunice,matričný úrad
00304867,Jaslovské Bohunice,matričný úrad
00306037,Jaslovské Bohunice,matričný úrad
00311707,Jaslovské Bohunice,matričný úrad
00332496,Košarovce,matričný úrad
00317390,Košarovce,matričný úrad
00690988,Košarovce,matričný úrad
00691046,Košarovce,matričný úrad
00690937,Košarovce,matričný úrad
00691054,Košarovce,matričný úrad
00690970,Košarovce,matričný úrad
00324345,Košarovce,matričný úrad
00324353,Košarovce,matričný úrad
00323179,Košarovce,matričný úrad
00316741,Košarovce,matričný úrad
00306045,Košarovce,matričný úrad
00321389,Košarovce,matričný úrad
00309630,Košarovce,matričný úrad
00310573,Košarovce,matričný úrad
00307149,Košarovce,matričný úrad
00330604,Košarovce,matričný úrad
00311715,Košarovce,matričný úrad
00312681,Košarovce,matričný úrad
00318876,Košarovce,matričný úrad
00306053,Košarovce,matričný úrad
00315338,Košarovce,matričný úrad
00306070,Košarovce,matričný úrad
00306061,Košarovce,matričný úrad
00324388,Košarovce,matričný úrad
00305529,Košarovce,matričný úrad
00331619,Košarovce,matričný úrad
00314072,Košarovce,matričný úrad
00328421,Košarovce,matričný úrad
00323187,Košarovce,matričný úrad
00325376,Košarovce,matričný úrad
00320781,Košarovce,matričný úrad
00320048,Košarovce,matričný úrad
00682187,Košarovce,matričný úrad
00329282,Košarovce,matričný úrad
00316750,Košarovce,matričný úrad
00320056,Košarovce,matričný úrad
00314595,Košarovce,matričný úrad
00322211,Košarovce,matričný úrad
00330655,Košarovce,matričný úrad
00304875,Košarovce,matričný úrad
00322245,Košarovce,matričný úrad
00309672,Košarovce,matričný úrad
00331643,Košarovce,matričný úrad
00324400,Košarovce,matričný úrad
00314099,Košarovce,matričný úrad
00314081,Košarovce,matričný úrad
00304883,Košarovce,matričný úrad
00317438,Košarovce,matričný úrad
00330671,Košarovce,matričný úrad
00309681,Lakšárska Nová Ves,matričný úrad
00316148,Látky,matričný úrad
00317446,Lazy pod Makytou,matričný úrad
00317454,Lednica,matričný úrad
00317462,Lednické Rovne,matričný úrad
00305553,Lehnice,matričný úrad
00308153,Lehota,matričný úrad
00318256,Lehota pod Vtáčnikom,matričný úrad
00331686,Leles,matričný úrad
00327344,Lemešany,matričný úrad
00326321,Lendak,matričný úrad
00312703,Leopoldov,matričný úrad
22222222,Lešť,matričný úrad
00329304,Letanovce,matričný úrad
00307203,Levice,matričný úrad
00329321,Levoča,matričný úrad
00314617,Liesek,matričný úrad
00321427,Lietava,matričný úrad
00315362,Likavka,matričný úrad
00327379,Lipany,matričný úrad
00316776,Lipovec,matričný úrad
00315389,Liptovská Kokava,matričný úrad
00315397,Liptovská Lúžna,matričný úrad
00315401,Liptovská Osada,matričný úrad
00315419,Liptovská Sielnica,matričný úrad
00315435,Liptovská Teplá,matričný úrad
00326330,Liptovská Teplička,matričný úrad
00315478,Liptovské Revúce,matričný úrad
00315745,Liptovské Sliače,matričný úrad
00315494,Liptovský Hrádok,matričný úrad
00315486,Liptovský Ján,matričný úrad
00315524,Liptovský Mikuláš,matričný úrad
00315559,Lisková,matričný úrad
00320102,Litava,matričný úrad
00314625,Lokca,matričný úrad
00313556,Lom nad Rimavicou,matričný úrad
00316172,Lovinobaňa,matričný úrad
00304905,Lozorno,matričný úrad
00309052,Ľubá,matričný úrad
00315567,Ľubeľa,matričný úrad
00328472,Lubeník,matričný úrad
00313564,Ľubietová,matričný úrad
00311731,Lubina,matričný úrad
00315575,Ľubochňa,matričný úrad
00330035,Ľubotín,matričný úrad
00316181,Lučenec,matričný úrad
00315583,Lúčky,matričný úrad
00310689,Ludanice,matričný úrad
00311758,Lúka,matričný úrad
00317489,Lúka,matričný úrad
00321451,Lúka,matričný úrad
34003517,Lúka,matričný úrad
00317471,Lúka,matričný úrad
00312738,Lúka,matričný úrad
00312746,Lúka,matričný úrad
00314129,Lúka,matričný úrad
00324426,Lúka,matričný úrad
00304913,Lúka,matričný úrad
00322369,Lúka,matričný úrad
00325465,Lúka,matričný úrad
00309711,Lúka,matričný úrad
00316211,Lúka,matričný úrad
00304921,Lúka,matričný úrad
00316784,Lúka,matričný úrad
00309061,Lúka,matričný úrad
00306550,Lúka,matričný úrad
00329347,Lúka,matričný úrad
00322377,Lúka,matričný úrad
00304930,Lúka,matričný úrad
00329355,Lúka,matričný úrad
00316792,Lúka,matričný úrad
00306568,Lúka,matričný úrad
00324442,Lúka,matričný úrad
00323233,Lúka,matričný úrad
00311766,Lúka,matričný úrad
00305600,Lúka,matričný úrad
00309095,Lúka,matričný úrad
00331759,Lúka,matričný úrad
00325490,Lúka,matričný úrad
00329380,Lúka,matričný úrad
00330060,Lúka,matričný úrad
00306576,Lúka,matričný úrad
00308439,Lúka,matričný úrad
00304956,Lúka,matričný úrad
00306584,Lúka,matričný úrad
00311782,Lúka,matričný úrad
00319457,Lúka,matričný úrad
00308269,Lúka,matričný úrad
00317543,Lúka,matričný úrad
00309117,Lúka,matričný úrad
00324451,Lúka,matričný úrad
00312789,Lúka,matričný úrad
00311791,Lúka,matričný úrad
00309737,Lúka,matričný úrad
00304964,Lúka,matričný úrad
00306096,Lúka,matričný úrad
00316806,Lúka,matričný úrad
00311804,Lúka,matričný úrad
00308358,Muráň,matričný úrad
00320153,Očová,matričný úrad
00305634,Očová,matričný úrad
00323322,Očová,matričný úrad
00314153,Očová,matričný úrad
00305642,Očová,matričný úrad
00306622,Očová,matričný úrad
00330868,Očová,matričný úrad
00314161,Očová,matričný úrad
00323331,Očová,matričný úrad
00314722,Očová,matričný úrad
00314749,Očová,matričný úrad
00650498,Očová,matričný úrad
00314731,Očová,matričný úrad
00330108,Očová,matričný úrad
00318396,Očová,matričný úrad
00312827,Očová,matričný úrad
00314170,Očová,matričný úrad
00318965,Očová,matričný úrad
00305685,Očová,matričný úrad
00309176,Očová,matričný úrad
00325571,Očová,matričný úrad
00323381,Očová,matričný úrad
00317594,Očová,matričný úrad
00331813,Očová,matričný úrad
00314781,Očová,matričný úrad
00315656,Očová,matričný úrad
00310905,Očová,matričný úrad
00312851,Očová,matričný úrad
00306126,Očová,matričný úrad
00325589,Očová,matričný úrad
00323403,Očová,matričný úrad
00327590,Očová,matričný úrad
00305014,Očová,matričný úrad
00309770,Očová,matričný úrad
00327603,Očová,matričný úrad
00321541,Očová,matričný úrad
00305022,Očová,matričný úrad
00612031,Očová,matričný úrad
00307360,Očová,matričný úrad
00307378,Očová,matričný úrad
00309788,Očová,matričný úrad
00309796,Očová,matričný úrad
00309800,Očová,matričný úrad
00305049,Očová,matričný úrad
00330124,Očová,matričný úrad
00328642,Očová,matričný úrad
00317608,Očová,matričný úrad
00320170,Očová,matričný úrad
00311910,Očová,matričný úrad
00313688,Očová,matričný úrad
00309192,Podhájska,matričný úrad
00325635,Podhájska,matričný úrad
00316831,Podhájska,matričný úrad
00316318,Podhájska,matričný úrad
00310930,Podhájska,matričný úrad
00311928,Podhájska,matričný úrad
00330132,Podhájska,matričný úrad
00313696,Podhájska,matričný úrad
00308382,Podhájska,matričný úrad
00313700,Podhájska,matričný úrad
00307394,Podhájska,matričný úrad
00313726,Podhájska,matričný úrad
00316342,Podhájska,matričný úrad
00313734,Podhájska,matričný úrad
00326470,Podhájska,matričný úrad
00324639,Podhájska,matričný úrad
00309834,Podhájska,matričný úrad
00325660,Podhájska,matričný úrad
00311944,Podhájska,matričný úrad
00317667,Podhájska,matričný úrad
00309206,Podhájska,matričný úrad
00319511,Podhájska,matričný úrad
00329517,Podhájska,matričný úrad
00310964,Podhájska,matričný úrad
00317691,Podhájska,matričný úrad
00313751,Podhájska,matričný úrad
00321567,Podhájska,matričný úrad
00320943,Podhájska,matričný úrad
00310999,Podhájska,matričný úrad
00327646,Podhájska,matričný úrad
00306649,Podhájska,matričný úrad
00316849,Podhájska,matričný úrad
00315711,Podhájska,matričný úrad
00309869,Podhájska,matričný úrad
00309885,Podhájska,matričný úrad
00318442,Podhájska,matričný úrad
00317721,Podhájska,matričný úrad
00317730,Podhájska,matričný úrad
00317748,Podhájska,matričný úrad
00307416,Podhájska,matričný úrad
00306134,Podhájska,matričný úrad
00314838,Podhájska,matričný úrad
00314846,Podhájska,matričný úrad
00311014,Podhájska,matričný úrad
00309907,Podhájska,matričný úrad
00306657,Podhájska,matričný úrad
00323454,Podhájska,matričný úrad
00316369,Podhájska,matričný úrad
00311022,Podhájska,matričný úrad
00321575,Podhájska,matričný úrad
00321583,Rajecká Lesná,matričný úrad
00321591,Rajecká Lesná,matričný úrad
00314234,Rajecká Lesná,matričný úrad
00316377,Rajecká Lesná,matričný úrad
00322521,Rajecká Lesná,matričný úrad
00318990,Rajecká Lesná,matričný úrad
00306142,Rajecká Lesná,matričný úrad
00325716,Rajecká Lesná,matričný úrad
00328693,Rajecká Lesná,matričný úrad
00319015,Rajecká Lesná,matričný úrad
00319023,Rajecká Lesná,matričný úrad
00319031,Rajecká Lesná,matričný úrad
00308404,Rajecká Lesná,matričný úrad
00305715,Rajecká Lesná,matričný úrad
00309923,Rajecká Lesná,matričný úrad
00324655,Rajecká Lesná,matričný úrad
00328758,Rajecká Lesná,matričný úrad
00309231,Rajecká Lesná,matričný úrad
00314251,Rajecká Lesná,matričný úrad
00329533,Rajecká Lesná,matričný úrad
00332780,Rajecká Lesná,matričný úrad
00324671,Rajecká Lesná,matričný úrad
00312941,Rajecká Lesná,matričný úrad
00315737,Rajecká Lesná,matričný úrad
00311049,Rajecká Lesná,matričný úrad
00307424,Rajecká Lesná,matričný úrad
00320196,Rajecká Lesná,matričný úrad
00327735,Rajecká Lesná,matričný úrad
00309249,Rajecká Lesná,matričný úrad
00307432,Rajecká Lesná,matričný úrad
00305693,Rajecká Lesná,matričný úrad
00320218,Rajecká Lesná,matričný úrad
00320226,Rajecká Lesná,matričný úrad
00331899,Rajecká Lesná,matričný úrad
00332828,Rajecká Lesná,matričný úrad
00327743,Rajecká Lesná,matričný úrad
00313807,Rajecká Lesná,matričný úrad
00306151,Rajecká Lesná,matričný úrad
00309257,Rajecká Lesná,matričný úrad
00324698,Rajecká Lesná,matričný úrad
00305065,Rajecká Lesná,matričný úrad
00309974,Rajecká Lesná,matričný úrad
00319546,Rajecká Lesná,matričný úrad
00320234,Rajecká Lesná,matričný úrad
00306169,Rajecká Lesná,matričný úrad
00309265,Rajecká Lesná,matričný úrad
00328812,Rajecká Lesná,matričný úrad
00311057,Rajecká Lesná,matričný úrad
00309982,Rajecká Lesná,matričný úrad
00314285,Rajecká Lesná,matričný úrad
00319554,Sklabiná,matričný úrad
00316881,Sklabiná,matričný úrad
00316890,Sklabiná,matričný úrad
00308421,Sklabiná,matričný úrad
00306177,Sklabiná,matričný úrad
00324728,Sklabiná,matričný úrad
00311073,Sklabiná,matričný úrad
00328847,Sklabiná,matričný úrad
00308447,Sklabiná,matričný úrad
00320277,Sklabiná,matričný úrad
00332852,Sklabiná,matričný úrad
00313823,Sklabiná,matričný úrad
00326500,Sklabiná,matričný úrad
00319562,Sklabiná,matričný úrad
00316911,Sklabiná,matričný úrad
00305073,Sklabiná,matričný úrad
00312983,Sklabiná,matričný úrad
00329576,Sklabiná,matričný úrad
00323560,Sklabiná,matričný úrad
00311987,Sklabiná,matričný úrad
00310018,Sklabiná,matričný úrad
00325791,Sklabiná,matričný úrad
00306665,Sklabiná,matričný úrad
00332861,Sklabiná,matričný úrad
00311081,Sklabiná,matričný úrad
00310026,Sklabiná,matričný úrad
00331945,Sklabiná,matričný úrad
00326518,Sklabiná,matričný úrad
00329614,Sklabiná,matričný úrad
00326526,Sklabiná,matričný úrad
00326542,Sklabiná,matričný úrad
00326551,Sklabiná,matričný úrad
00329622,Sklabiná,matričný úrad
00329657,Sklabiná,matričný úrad
00329606,Sklabiná,matričný úrad
00329631,Sklabiná,matričný úrad
00323578,Sklabiná,matričný úrad
00315761,Sklabiná,matričný úrad
00314307,Sklabiná,matričný úrad
00320285,Sklabiná,matričný úrad
00330167,Sklabiná,matričný úrad
00312002,Sklabiná,matričný úrad
00313831,Sklabiná,matričný úrad
00307483,Sklabiná,matričný úrad
00314293,Sklabiná,matričný úrad
00325813,Sklabiná,matričný úrad
00321648,Sklabiná,matričný úrad
00331970,Sklabiná,matričný úrad
00309273,Sklabiná,matričný úrad
00331007,Sklabiná,matričný úrad
00310042,Studienka,matričný úrad
00305081,Studienka,matričný úrad
00316938,Studienka,matričný úrad
00314871,Studienka,matričný úrad
00313009,Studienka,matričný úrad
00305090,Studienka,matričný úrad
00321656,Studienka,matričný úrad
00320471,Studienka,matričný úrad
00304832,Studienka,matričný úrad
00315508,Studienka,matričný úrad
00306436,Studienka,matričný úrad
00331023,Studienka,matričný úrad
00327760,Studienka,matričný úrad
00312011,Studienka,matričný úrad
00326607,Studienka,matričný úrad
00309281,Studienka,matričný úrad
00314323,Studienka,matričný úrad
00307513,Studienka,matričný úrad
00310051,Studienka,matričný úrad
00306185,Studienka,matričný úrad
00307505,Studienka,matričný úrad
00305723,Studienka,matričný úrad
00327786,Studienka,matričný úrad
00327794,Studienka,matričný úrad
00327808,Studienka,matričný úrad
00307521,Studienka,matričný úrad
00310069,Studienka,matričný úrad
00305103,Studienka,matričný úrad
00316423,Studienka,matričný úrad
00306193,Studienka,matričný úrad
00327832,Studienka,matričný úrad
00311138,Studienka,matričný úrad
00306207,Studienka,matričný úrad
00313033,Studienka,matričný úrad
00310077,Studienka,matričný úrad
00321028,Studienka,matričný úrad
00321672,Studienka,matričný úrad
00328871,Studienka,matričný úrad
00326615,Studienka,matričný úrad
00309303,Studienka,matričný úrad
00305731,Studienka,matričný úrad
00313866,Studienka,matričný úrad
00326437,Studienka,matričný úrad
00309311,Studienka,matričný úrad
00313068,Studienka,matričný úrad
00329681,Studienka,matričný úrad
00315788,Studienka,matričný úrad
00307548,Studienka,matričný úrad
00313874,Studienka,matričný úrad
00319147,Studienka,matričný úrad
00321699,Terchová,matričný úrad
00327867,Terchová,matričný úrad
00308528,Terchová,matričný úrad
00306215,Terchová,matričný úrad
00319155,Terchová,matričný úrad
00307581,Terchová,matričný úrad
00306223,Terchová,matričný úrad
00305120,Terchová,matričný úrad
00316474,Terchová,matričný úrad
00311162,Terchová,matričný úrad
00308536,Terchová,matričný úrad
00306231,Terchová,matričný úrad
00305740,Terchová,matričný úrad
00323659,Terchová,matričný úrad
00319091,Terchová,matričný úrad
00332887,Terchová,matričný úrad
00306690,Terchová,matričný úrad
00313092,Terchová,matričný úrad
00309320,Terchová,matričný úrad
00306681,Terchová,matričný úrad
00331996,Terchová,matričný úrad
00312045,Terchová,matričný úrad
00312053,Terchová,matričný úrad
00312070,Terchová,matričný úrad
00312100,Terchová,matričný úrad
00312088,Terchová,matričný úrad
00312037,Terchová,matričný úrad
00305766,Terchová,matričný úrad
00325899,Terchová,matričný úrad
00313114,Terchová,matričný úrad
00321052,Terchová,matričný úrad
00305774,Terchová,matričný úrad
00306240,Terchová,matričný úrad
00314897,Terchová,matričný úrad
00305782,Terchová,matričný úrad
00306258,Terchová,matričný úrad
00313122,Terchová,matričný úrad
00327905,Terchová,matričný úrad
00316962,Terchová,matričný úrad
00331104,Terchová,matričný úrad
00317012,Terchová,matričný úrad
00316997,Terchová,matričný úrad
00316679,Terchová,matričný úrad
00317004,Terchová,matričný úrad
00691313,Terchová,matričný úrad
00314331,Terchová,matričný úrad
00314901,Terchová,matričný úrad
00309338,Terchová,matričný úrad
00323675,Terchová,matričný úrad
00325937,Terchová,matričný úrad
00323683,Udavské,matričný úrad
00317853,Udavské,matričný úrad
00316504,Udavské,matričný úrad
00311201,Udavské,matričný úrad
00800236,Udavské,matričný úrad
00323691,Udavské,matričný úrad
00310107,Udavské,matričný úrad
00306266,Udavské,matričný úrad
00324850,Udavské,matričný úrad
00313904,Udavské,matričný úrad
00318531,Udavské,matričný úrad
00317021,Udavské,matričný úrad
00321711,Udavské,matričný úrad
00315842,Udavské,matričný úrad
00319171,Udavské,matričný úrad
00314960,Udavské,matričný úrad
00319619,Udavské,matričný úrad
00324868,Udavské,matričný úrad
00321061,Udavské,matričný úrad
00326666,Udavské,matričný úrad
00306274,Udavské,matričný úrad
00316539,Udavské,matričný úrad
00319627,Udavské,matričný úrad
00305804,Udavské,matričný úrad
00310417,Udavské,matričný úrad
00332038,Udavské,matričný úrad
00306703,Udavské,matričný úrad
00313149,Udavské,matričný úrad
00310115,Udavské,matričný úrad
00309354,Udavské,matričný úrad
00307637,Udavské,matričný úrad
00325945,Udavské,matričný úrad
00311286,Udavské,matričný úrad
00321737,Udavské,matričný úrad
00332071,Udavské,matričný úrad
00311294,Udavské,matričný úrad
00306282,Udavské,matričný úrad
00308595,Udavské,matričný úrad
00305146,Udavské,matričný úrad
00319198,Udavské,matričný úrad
00308609,Udavské,matričný úrad
00307645,Udavské,matričný úrad
00306291,Udavské,matričný úrad
00332089,Udavské,matričný úrad
00311308,Udavské,matričný úrad
00319651,Udavské,matričný úrad
00309109,Udavské,matričný úrad
00330248,Udavské,matričný úrad
00305332,Udavské,matričný úrad
00326674,Udavské,matričný úrad
00327972,Veľký Šariš,matričný úrad
00313165,Veselé,matričný úrad
00320382,Vígľaš,matričný úrad
00320391,Vígľašská Huta-Kalinka,matričný úrad
00319678,Vinica,matričný úrad
00305154,Viničné,matričný úrad
00325953,Vinné,matričný úrad
00308625,Vinodol,matričný úrad
00305162,Vinosady,matričný úrad
00305171,Vištuk,matričný úrad
00306312,Vlčany,matričný úrad
00682209,Vlčkovce,matričný úrad
00313181,Voderady,matričný úrad
00332127,Vojany,matričný úrad
00305812,Vojka nad Dunajom,matričný úrad
00306321,Vozokany,matričný úrad
00308641,Vráble,matričný úrad
00305821,Vrakúň,matričný úrad
00332933,Vranov nad Topľou,matričný úrad
00326721,Vrbov,matričný úrad
00310140,Vrbovce,matričný úrad
00313190,Vrbové,matričný úrad
00319686,Vrbovka,matričný úrad
00647209,Vrútky,matričný úrad
00308650,Výčapy-Opatovce,matričný úrad
00321109,Vyhne,matričný úrad
00315893,Východná,matričný úrad
00323764,Výrava,matričný úrad
00314340,Vysoká nad Kysucou,matričný úrad
00305197,Vysoká pri Morave,matričný úrad
00326585,Vysoké Tatry,matričný úrad
00307661,Vyškovce nad Ipľom,matričný úrad
00332950,Vyšný Žipov,matričný úrad
44444444,Záhorie,matričný úrad
00305219,Záhorská Ves,matričný úrad
00315001,Zákamenné,matričný úrad
00314358,Zákopčie,matričný úrad
00326046,Zalužice,matričný úrad
00317926,Záriečie,matričný úrad
00313947,Závadka nad Hronom,matričný úrad
00313203,Zavar,matričný úrad
00315915,Závažná Poruba,matričný úrad
00310158,Závod,matričný úrad
00315010,Zázrivá,matričný úrad
00308668,Zbehy,matričný úrad
00322741,Zborov,matričný úrad
00314366,Zborov nad Bystricou,matričný úrad
00306720,Zemianska Olča,matričný úrad
00651001,Zemianske Kostoľany,matričný úrad
00306339,Zemianske Sady,matričný úrad
00309371,Zemianske Sady,matričný úrad
00326071,Zemianske Sady,matričný úrad
00305839,Zemianske Sady,matričný úrad
00308676,Zemianske Sady,matričný úrad
00306738,Zemianske Sady,matričný úrad
00311367,Zemianske Sady,matričný úrad
00317969,Zemianske Sady,matričný úrad
00305235,Zemianske Sady,matričný úrad
00315044,Zemianske Sady,matričný úrad
00320439,Zemianske Sady,matričný úrad
00320447,Zemianske Sady,matričný úrad
00317047,Zemianske Sady,matričný úrad
00311375,Zemianske Sady,matričný úrad
00321117,Zemianske Sady,matričný úrad
00326089,Zemianske Sady,matričný úrad
00324973,Zemianske Sady,matričný úrad
00326780,Zemianske Sady,matričný úrad
00307696,Zemianske Sady,matričný úrad
00319716,Zemianske Sady,matričný úrad
00307700,Zemianske Sady,matričný úrad
00321125,Zemianske Sady,matričný úrad
00306347,Zemianske Sady,matričný úrad
00321796,Zemianske Sady,matričný úrad
